type,id
file,067c3a1bdaa68d9a0710520b9d7f3d5fc83c961451614e4b111f5570442a3b7c
file,0872eeda07b7092210c69219b3272e08f4d99388e873b1060617a888f68fba0f
file,0c882c2fbf5b067e4c635a57a98c8db5f4c04ffd20d637442f9cca1697ebbea4
file,16e73ea927a3259460ddf2cf4a5da419b8d44030d7e442f10af20d578348ca82
file,223a6f1b4c1fde037dfcfa7565a414124f743827d22964761fa3e68400e1fa5c
file,2725c0e9c2a4d59a576553d869181eb5ab0ebc47727f3066cdb9db0f1be23f75
file,7826593c9cd31316c500ee337193bf6df3108747c0599bcd27d3839ba519c3b4
file,78ac87597d1b9f7366fb8fb5c5f63a68f13e672ecd63b91fe69148719cea1c46
file,8027b3abeb0b1655af0b44289b60b361af07cd498e389cc805f2f063fc80cbb2
file,84159f1584f69d713a0e0dd60b9e5108bf2105fbbd463f5d7a9550b3cc70c211
file,9c4a21314ac6cf0ec2457b37713f4f155467a3eb01dd83bd72cbcec94f7fcb89
file,a47576db885575e7cc14aedf1799205bfbf3bc0877e3b8e7518050da4d3940a5
file,a8fc728dd01e2d6ae75866ef52e463163ebeea3e4e2fec8d7e985934b3a62767
file,abc299c6cacfb9302421ef1bdf22db1b82de37c884749a790714144f7f9b406e
file,b55a9e764e25da7e6da541ecdd8733667a36df9432c3dd5f5aa762b8efe4be93
file,c02d7a56d1426d12e8edaf201b3644605f930fb082ee657e8670dc513dd74557
file,c460a8e0472a4dc88425703509bb3d399dc8d8cdafa11d60de2e057ce6c6031a
file,c62007d23a346fc269e813b1270005fadb84e918adc91a5dc1b6fc3901b6f42b
file,f0f48bdd007601bb66b84a578570314be1e8cec593cbf35b61748f9475fbf190
