APT Group,Label,Count
admin@338,1,1
Ajax Security Team,2,4
APT1,3,294
APT12,4,4
APT17_Elderwood,5,8
APT19_DeepPanda,6,4
APT28,7,21
APT29,8,191
APT3,9,3
APT30,10,124
APT33,11,38
APT39,12,5
APT41,13,17
Axiom,14,1
Blue Mockingbird,15,26
BRONZE BUTLER,16,16
Chimera,17,3
Cobalt Group,18,10
Dragonfly_Dragonfly 2.0,19,2
Evilnum,20,8
FIN5,21,8
FIN7,22,15
GALLIUM,23,5
Gamaredon Group,24,16
HAFNIUM,25,2
Ke3chang,26,4
menuPass,27,4
Patchwork,28,22
Sandworm Team,29,8
Sidewinder,30,7
TEMP.Veles,31,2
Turla,32,212
